classifier,best guess,probability,total_time
alexnet,red fox,0.37571,0.31144,2326726595
shufflenet,spotlight,288.66,0.16417,1439342056
resnet_101,tiger cat,0.22623,4.1891,15270642592
googlenet,tiger cat,0.5004,0.59588,3190443136
mobilenet,candle,0.30695,0.35446,9692871048
squeezenet,kit fox,0.45602,0.15867,706628160
