classifier,best guess,probability,total_time,flops
alexnet,red fox,0.37571,0.30941,2326726595
shufflenet,spotlight,288.66,0.15831,1439342056
resnet_101,tiger cat,0.22623,4.1743,15270642592
googlenet,tiger cat,0.5004,0.59412,3190443136
mobilenet,candle,0.30695,0.3613,9692871048
squeezenet,kit fox,0.45602,0.15546,706628160
