classifier,best guess,probability,total_time,flops
alexnet,red fox,0.37571,0.31132,2326726595
shufflenet,kit fox,9.9553,0.17559,1439342056
resnet_101,tiger cat,0.22623,4.1838,15270642592
googlenet,tiger cat,0.5004,0.59364,3190443136
mobilenet,tiger cat,0.29074,0.36229,9692871048
squeezenet,kit fox,0.45602,0.15473,706628160
